engine_id,fault_mode,true_rul,clean_rul,degraded_rul,robust_rul,degraded_error,robust_error,recovery_pct
1,gaussian_noise,112.0,112.98,92.32,99.79,-19.68,-12.21,37.98
1,stuck_at_value,112.0,112.98,90.1,107.41,-21.9,-4.59,79.06
1,partial_dropout,112.0,112.98,95.43,105.12,-16.57,-6.88,58.45
1,linear_drift,112.0,112.98,101.22,103.71,-10.78,-8.29,23.08
2,gaussian_noise,98.0,103.78,81.08,88.52,-16.92,-9.48,43.97
2,stuck_at_value,98.0,103.78,71.12,92.91,-26.88,-5.09,81.05
2,partial_dropout,98.0,103.78,76.41,86.61,-21.59,-11.39,47.27
2,linear_drift,98.0,103.78,89.81,96.09,-8.19,-1.91,76.64
3,gaussian_noise,69.0,67.17,51.68,56.37,-17.32,-12.63,27.04
3,stuck_at_value,69.0,67.17,56.05,63.17,-12.95,-5.83,55.01
3,partial_dropout,69.0,67.17,52.32,60.15,-16.68,-8.85,46.94
3,linear_drift,69.0,67.17,55.79,58.58,-13.21,-10.42,21.1
4,gaussian_noise,82.0,79.99,65.31,72.02,-16.69,-9.98,40.18
4,stuck_at_value,82.0,79.99,60.65,78.48,-21.35,-3.52,83.51
4,partial_dropout,82.0,79.99,70.78,78.27,-11.22,-3.73,66.74
4,linear_drift,82.0,79.99,79.52,74.75,-2.48,-7.25,-191.89
5,gaussian_noise,91.0,88.33,80.41,81.42,-10.59,-9.58,9.53
5,stuck_at_value,91.0,88.33,70.81,82.15,-20.19,-8.85,56.18
5,partial_dropout,91.0,88.33,71.77,84.09,-19.23,-6.91,64.04
5,linear_drift,91.0,88.33,84.36,79.62,-6.64,-11.38,-71.41
6,gaussian_noise,93.0,91.77,77.78,82.25,-15.22,-10.75,29.38
6,stuck_at_value,93.0,91.77,75.58,78.47,-17.42,-14.53,16.57
6,partial_dropout,93.0,91.77,67.89,85.54,-25.11,-7.46,70.28
6,linear_drift,93.0,91.77,82.32,88.28,-10.68,-4.72,55.79
7,gaussian_noise,91.0,93.28,64.31,92.22,-26.69,1.22,95.42
7,stuck_at_value,91.0,93.28,71.04,86.61,-19.96,-4.39,78.02
7,partial_dropout,91.0,93.28,68.93,75.88,-22.07,-15.12,31.49
7,linear_drift,91.0,93.28,83.59,83.27,-7.41,-7.73,-4.24
8,gaussian_noise,95.0,96.95,68.16,88.68,-26.84,-6.32,76.46
8,stuck_at_value,95.0,96.95,63.44,90.37,-31.56,-4.63,85.32
8,partial_dropout,95.0,96.95,77.32,87.59,-17.68,-7.41,58.07
8,linear_drift,95.0,96.95,86.17,95.33,-8.83,0.33,96.22
9,gaussian_noise,111.0,108.7,99.64,99.42,-11.36,-11.58,-1.94
9,stuck_at_value,111.0,108.7,78.62,106.74,-32.38,-4.26,86.84
9,partial_dropout,111.0,108.7,98.71,98.58,-12.29,-12.42,-1.11
9,linear_drift,111.0,108.7,102.5,105.11,-8.5,-5.89,30.77
10,gaussian_noise,96.0,92.7,81.4,89.02,-14.6,-6.98,52.21
10,stuck_at_value,96.0,92.7,42.05,93.0,-53.95,-3.0,94.44
10,partial_dropout,96.0,92.7,83.75,86.55,-12.25,-9.45,22.91
10,linear_drift,96.0,92.7,91.13,89.4,-4.87,-6.6,-35.5
11,gaussian_noise,97.0,97.42,82.86,87.02,-14.14,-9.98,29.37
11,stuck_at_value,97.0,97.42,67.25,89.69,-29.75,-7.31,75.41
11,partial_dropout,97.0,97.42,77.6,82.62,-19.4,-14.38,25.89
11,linear_drift,97.0,97.42,94.11,92.45,-2.89,-4.55,-57.32
12,gaussian_noise,124.0,120.12,108.62,116.41,-15.38,-7.59,50.65
12,stuck_at_value,124.0,120.12,101.12,119.64,-22.88,-4.36,80.96
12,partial_dropout,124.0,120.12,111.59,111.88,-12.41,-12.12,2.31
12,linear_drift,124.0,120.12,116.63,116.6,-7.37,-7.4,-0.42
13,gaussian_noise,95.0,98.37,91.54,88.57,-3.46,-6.43,-85.52
13,stuck_at_value,95.0,98.37,81.66,73.83,-13.34,-21.17,-58.67
13,partial_dropout,95.0,98.37,67.37,84.35,-27.63,-10.65,61.46
13,linear_drift,95.0,98.37,84.57,93.3,-10.43,-1.7,83.71
14,gaussian_noise,107.0,103.6,87.59,98.92,-19.41,-8.08,58.39
14,stuck_at_value,107.0,103.6,81.21,102.0,-25.79,-5.0,80.62
14,partial_dropout,107.0,103.6,90.79,104.51,-16.21,-2.49,84.64
14,linear_drift,107.0,103.6,93.22,99.28,-13.78,-7.72,43.98
15,gaussian_noise,83.0,84.33,71.7,65.11,-11.3,-17.89,-58.27
15,stuck_at_value,83.0,84.33,56.0,74.63,-27.0,-8.37,68.99
15,partial_dropout,83.0,84.33,62.41,80.54,-20.59,-2.46,88.06
15,linear_drift,83.0,84.33,72.23,72.61,-10.77,-10.39,3.58
16,gaussian_noise,84.0,81.7,78.07,71.13,-5.93,-12.87,-117.05
16,stuck_at_value,84.0,81.7,56.75,77.38,-27.25,-6.62,75.7
16,partial_dropout,84.0,81.7,61.06,74.12,-22.94,-9.88,56.92
16,linear_drift,84.0,81.7,74.98,73.74,-9.02,-10.26,-13.74
17,gaussian_noise,50.0,45.97,35.63,38.39,-14.37,-11.61,19.21
17,stuck_at_value,50.0,45.97,23.77,37.86,-26.23,-12.14,53.71
17,partial_dropout,50.0,45.97,27.65,51.97,-22.35,1.97,91.19
17,linear_drift,50.0,45.97,47.84,39.88,-2.16,-10.12,-368.2
18,gaussian_noise,28.0,23.8,19.52,21.26,-8.48,-6.74,20.53
18,stuck_at_value,28.0,23.8,10.41,17.82,-17.59,-10.18,42.11
18,partial_dropout,28.0,23.8,8.69,27.27,-19.31,-0.73,96.2
18,linear_drift,28.0,23.8,19.31,23.91,-8.69,-4.09,52.89
19,gaussian_noise,87.0,84.73,69.56,75.77,-17.44,-11.23,35.61
19,stuck_at_value,87.0,84.73,49.69,76.48,-37.31,-10.52,71.8
19,partial_dropout,87.0,84.73,60.91,71.06,-26.09,-15.94,38.9
19,linear_drift,87.0,84.73,73.34,75.1,-13.66,-11.9,12.94
20,gaussian_noise,16.0,11.91,1.0,5.51,-15.0,-10.49,30.07
20,stuck_at_value,16.0,11.91,1.0,8.31,-15.0,-7.69,48.73
20,partial_dropout,16.0,11.91,1.0,4.92,-15.0,-11.08,26.14
20,linear_drift,16.0,11.91,10.96,3.98,-5.04,-12.02,-138.58
21,gaussian_noise,57.0,59.85,48.57,44.28,-8.43,-12.72,-50.86
21,stuck_at_value,57.0,59.85,30.01,51.61,-26.99,-5.39,80.04
21,partial_dropout,57.0,59.85,41.72,43.62,-15.28,-13.38,12.44
21,linear_drift,57.0,59.85,53.11,49.49,-3.89,-7.51,-93.34
22,gaussian_noise,111.0,108.91,91.86,100.19,-19.14,-10.81,43.56
22,stuck_at_value,111.0,108.91,85.4,98.47,-25.6,-12.53,51.06
22,partial_dropout,111.0,108.91,89.23,111.93,-21.77,0.93,95.72
22,linear_drift,111.0,108.91,96.92,105.52,-14.08,-5.48,61.06
23,gaussian_noise,113.0,108.55,97.84,96.52,-15.16,-16.48,-8.71
23,stuck_at_value,113.0,108.55,43.6,101.7,-69.4,-11.3,83.71
23,partial_dropout,113.0,108.55,90.69,98.7,-22.31,-14.3,35.92
23,linear_drift,113.0,108.55,107.22,110.87,-5.78,-2.13,63.1
24,gaussian_noise,20.0,22.16,3.96,13.57,-16.04,-6.43,59.93
24,stuck_at_value,20.0,22.16,1.83,17.44,-18.17,-2.56,85.92
24,partial_dropout,20.0,22.16,8.04,12.45,-11.96,-7.55,36.88
24,linear_drift,20.0,22.16,14.9,9.89,-5.1,-10.11,-98.5
25,gaussian_noise,145.0,142.71,135.26,133.71,-9.74,-11.29,-15.92
25,stuck_at_value,145.0,142.71,102.89,140.6,-42.11,-4.4,89.54
25,partial_dropout,145.0,142.71,126.12,136.65,-18.88,-8.35,55.78
25,linear_drift,145.0,142.71,138.09,136.0,-6.91,-9.0,-30.2
26,gaussian_noise,119.0,126.47,105.25,102.23,-13.75,-16.77,-21.99
26,stuck_at_value,119.0,126.47,85.46,115.81,-33.54,-3.19,90.49
26,partial_dropout,119.0,126.47,100.35,110.36,-18.65,-8.64,53.68
26,linear_drift,119.0,126.47,107.88,109.7,-11.12,-9.3,16.4
27,gaussian_noise,66.0,68.86,44.2,54.97,-21.8,-11.03,49.38
27,stuck_at_value,66.0,68.86,38.32,64.96,-27.68,-1.04,96.25
27,partial_dropout,66.0,68.86,52.28,57.12,-13.72,-8.88,35.31
27,linear_drift,66.0,68.86,54.68,65.02,-11.32,-0.98,91.33
28,gaussian_noise,97.0,96.67,80.74,83.89,-16.26,-13.11,19.37
28,stuck_at_value,97.0,96.67,65.38,91.54,-31.62,-5.46,82.73
28,partial_dropout,97.0,96.67,81.57,82.63,-15.43,-14.37,6.84
28,linear_drift,97.0,96.67,76.19,91.13,-20.81,-5.87,71.77
29,gaussian_noise,90.0,90.19,72.91,80.96,-17.09,-9.04,47.1
29,stuck_at_value,90.0,90.19,48.04,82.18,-41.96,-7.82,81.36
29,partial_dropout,90.0,90.19,68.35,78.37,-21.65,-11.63,46.3
29,linear_drift,90.0,90.19,86.14,79.04,-3.86,-10.96,-183.97
30,gaussian_noise,115.0,110.99,97.02,101.54,-17.98,-13.46,25.14
30,stuck_at_value,115.0,110.99,91.43,111.19,-23.57,-3.81,83.83
30,partial_dropout,115.0,110.99,100.14,109.67,-14.86,-5.33,64.15
30,linear_drift,115.0,110.99,98.85,108.98,-16.15,-6.02,62.74
31,gaussian_noise,8.0,3.63,1.0,1.0,-7.0,-7.0,0.0
31,stuck_at_value,8.0,3.63,1.0,1.0,-7.0,-7.0,0.0
31,partial_dropout,8.0,3.63,1.0,2.2,-7.0,-5.8,17.16
31,linear_drift,8.0,3.63,1.0,1.0,-7.0,-7.0,0.0
32,gaussian_noise,48.0,48.99,34.43,31.38,-13.57,-16.62,-22.48
32,stuck_at_value,48.0,48.99,26.15,38.21,-21.85,-9.79,55.21
32,partial_dropout,48.0,48.99,26.76,36.98,-21.24,-11.02,48.11
32,linear_drift,48.0,48.99,40.36,37.51,-7.64,-10.49,-37.22
33,gaussian_noise,106.0,101.57,89.91,93.05,-16.09,-12.95,19.51
33,stuck_at_value,106.0,101.57,84.03,94.27,-21.97,-11.73,46.64
33,partial_dropout,106.0,101.57,86.18,95.74,-19.82,-10.26,48.27
33,linear_drift,106.0,101.57,97.39,102.37,-8.61,-3.63,57.83
34,gaussian_noise,7.0,4.72,1.0,1.0,-6.0,-6.0,0.0
34,stuck_at_value,7.0,4.72,1.0,1.14,-6.0,-5.86,2.29
34,partial_dropout,7.0,4.72,1.0,1.0,-6.0,-6.0,0.0
34,linear_drift,7.0,4.72,1.67,1.61,-5.33,-5.39,-1.16
35,gaussian_noise,11.0,12.71,1.0,1.0,-10.0,-10.0,0.0
35,stuck_at_value,11.0,12.71,1.0,1.09,-10.0,-9.91,0.86
35,partial_dropout,11.0,12.71,1.0,7.06,-10.0,-3.94,60.63
35,linear_drift,11.0,12.71,8.43,6.72,-2.57,-4.28,-66.42
36,gaussian_noise,19.0,16.29,13.46,7.03,-5.54,-11.97,-116.18
36,stuck_at_value,19.0,16.29,1.0,12.53,-18.0,-6.47,64.03
36,partial_dropout,19.0,16.29,1.88,8.54,-17.12,-10.46,38.89
36,linear_drift,19.0,16.29,15.32,8.1,-3.68,-10.9,-196.37
37,gaussian_noise,21.0,23.48,7.72,12.79,-13.28,-8.21,38.22
37,stuck_at_value,21.0,23.48,8.21,13.7,-12.79,-7.3,42.97
37,partial_dropout,21.0,23.48,1.97,14.45,-19.03,-6.55,65.59
37,linear_drift,21.0,23.48,10.86,10.83,-10.14,-10.17,-0.29
38,gaussian_noise,50.0,53.86,30.01,39.33,-19.99,-10.67,46.61
38,stuck_at_value,50.0,53.86,36.37,44.75,-13.63,-5.25,61.47
38,partial_dropout,50.0,53.86,35.98,30.13,-14.02,-19.87,-41.66
38,linear_drift,50.0,53.86,33.17,37.37,-16.83,-12.63,24.96
39,gaussian_noise,142.0,144.26,129.95,136.43,-12.05,-5.57,53.8
39,stuck_at_value,142.0,144.26,120.57,136.91,-21.43,-5.09,76.23
39,partial_dropout,142.0,144.26,125.93,129.51,-16.07,-12.49,22.25
39,linear_drift,142.0,144.26,131.32,134.37,-10.68,-7.63,28.54
40,gaussian_noise,28.0,34.91,8.15,17.41,-19.85,-10.59,46.67
40,stuck_at_value,28.0,34.91,13.4,16.03,-14.6,-11.97,18.03
40,partial_dropout,28.0,34.91,10.04,11.9,-17.96,-16.1,10.35
40,linear_drift,28.0,34.91,10.23,20.35,-17.77,-7.65,56.94
41,gaussian_noise,18.0,12.13,1.79,12.26,-16.21,-5.74,64.61
41,stuck_at_value,18.0,12.13,1.0,7.62,-17.0,-10.38,38.97
41,partial_dropout,18.0,12.13,1.0,10.43,-17.0,-7.57,55.47
41,linear_drift,18.0,12.13,3.33,12.47,-14.67,-5.53,62.27
42,gaussian_noise,10.0,3.81,1.0,1.0,-9.0,-9.0,0.0
42,stuck_at_value,10.0,3.81,1.0,6.03,-9.0,-3.97,55.91
42,partial_dropout,10.0,3.81,1.0,1.0,-9.0,-9.0,0.0
42,linear_drift,10.0,3.81,5.03,4.13,-4.97,-5.87,-18.11
43,gaussian_noise,59.0,64.18,40.8,48.46,-18.2,-10.54,42.09
43,stuck_at_value,59.0,64.18,52.69,55.44,-6.31,-3.56,43.54
43,partial_dropout,59.0,64.18,45.43,51.43,-13.57,-7.57,44.23
43,linear_drift,59.0,64.18,48.91,51.79,-10.09,-7.21,28.6
44,gaussian_noise,109.0,102.41,88.35,101.86,-20.65,-7.14,65.4
44,stuck_at_value,109.0,102.41,88.04,100.96,-20.96,-8.04,61.67
44,partial_dropout,109.0,102.41,94.63,101.92,-14.37,-7.08,50.73
44,linear_drift,109.0,102.41,99.79,104.14,-9.21,-4.86,47.24
45,gaussian_noise,114.0,115.96,96.15,105.35,-17.85,-8.65,51.58
45,stuck_at_value,114.0,115.96,92.98,108.87,-21.02,-5.13,75.58
45,partial_dropout,114.0,115.96,98.74,99.6,-15.26,-14.4,5.65
45,linear_drift,114.0,115.96,107.79,105.93,-6.21,-8.07,-29.95
46,gaussian_noise,47.0,44.07,34.61,36.47,-12.39,-10.53,14.99
46,stuck_at_value,47.0,44.07,33.86,43.29,-13.14,-3.71,71.74
46,partial_dropout,47.0,44.07,37.46,30.16,-9.54,-16.84,-76.45
46,linear_drift,47.0,44.07,33.63,43.03,-13.37,-3.97,70.33
47,gaussian_noise,135.0,132.95,126.35,137.99,-8.65,2.99,65.48
47,stuck_at_value,135.0,132.95,108.26,131.68,-26.74,-3.32,87.59
47,partial_dropout,135.0,132.95,119.95,126.5,-15.05,-8.5,43.54
47,linear_drift,135.0,132.95,124.93,126.42,-10.07,-8.58,14.78
48,gaussian_noise,92.0,99.26,72.14,80.84,-19.86,-11.16,43.8
48,stuck_at_value,92.0,99.26,64.53,85.52,-27.47,-6.48,76.41
48,partial_dropout,92.0,99.26,73.53,83.85,-18.47,-8.15,55.86
48,linear_drift,92.0,99.26,90.96,79.77,-1.04,-12.23,-1081.37
49,gaussian_noise,21.0,21.49,8.79,12.14,-12.21,-8.86,27.45
49,stuck_at_value,21.0,21.49,1.0,13.16,-20.0,-7.84,60.79
49,partial_dropout,21.0,21.49,2.89,13.66,-18.11,-7.34,59.44
49,linear_drift,21.0,21.49,8.25,5.85,-12.75,-15.15,-18.84
50,gaussian_noise,79.0,69.23,51.52,65.62,-27.48,-13.38,51.33
50,stuck_at_value,79.0,69.23,48.49,69.23,-30.51,-9.77,67.97
50,partial_dropout,79.0,69.23,54.27,69.28,-24.73,-9.72,60.71
50,linear_drift,79.0,69.23,65.59,75.1,-13.41,-3.9,70.91
51,gaussian_noise,114.0,118.43,102.24,99.89,-11.76,-14.11,-19.99
51,stuck_at_value,114.0,118.43,94.58,109.29,-19.42,-4.71,75.73
51,partial_dropout,114.0,118.43,96.65,99.45,-17.35,-14.55,16.12
51,linear_drift,114.0,118.43,100.79,105.95,-13.21,-8.05,39.09
52,gaussian_noise,29.0,33.05,11.16,19.46,-17.84,-9.54,46.52
52,stuck_at_value,29.0,33.05,1.0,23.08,-28.0,-5.92,78.87
52,partial_dropout,29.0,33.05,6.63,11.21,-22.37,-17.79,20.47
52,linear_drift,29.0,33.05,18.25,17.82,-10.75,-11.18,-4.07
53,gaussian_noise,26.0,25.18,6.43,14.9,-19.57,-11.1,43.26
53,stuck_at_value,26.0,25.18,1.0,21.97,-25.0,-4.03,83.9
53,partial_dropout,26.0,25.18,11.41,18.44,-14.59,-7.56,48.18
53,linear_drift,26.0,25.18,16.64,21.07,-9.36,-4.93,47.32
54,gaussian_noise,97.0,93.37,83.87,87.14,-13.13,-9.86,24.9
54,stuck_at_value,97.0,93.37,63.11,81.48,-33.89,-15.52,54.21
54,partial_dropout,97.0,93.37,70.33,80.59,-26.67,-16.41,38.48
54,linear_drift,97.0,93.37,86.49,90.99,-10.51,-6.01,42.84
55,gaussian_noise,137.0,135.96,124.54,122.83,-12.46,-14.17,-13.74
55,stuck_at_value,137.0,135.96,110.07,131.37,-26.93,-5.63,79.08
55,partial_dropout,137.0,135.96,121.21,132.8,-15.79,-4.2,73.41
55,linear_drift,137.0,135.96,126.61,129.0,-10.39,-8.0,23.04
56,gaussian_noise,15.0,10.65,1.0,1.38,-14.0,-13.62,2.69
56,stuck_at_value,15.0,10.65,1.0,11.83,-14.0,-3.17,77.36
56,partial_dropout,15.0,10.65,2.09,7.08,-12.91,-7.92,38.7
56,linear_drift,15.0,10.65,1.0,7.33,-14.0,-7.67,45.2
57,gaussian_noise,103.0,103.33,94.08,98.5,-8.92,-4.5,49.56
57,stuck_at_value,103.0,103.33,82.97,98.14,-20.03,-4.86,75.73
57,partial_dropout,103.0,103.33,86.11,86.21,-16.89,-16.79,0.6
57,linear_drift,103.0,103.33,98.06,97.93,-4.94,-5.07,-2.5
58,gaussian_noise,37.0,32.37,28.0,36.01,-9.0,-0.99,89.04
58,stuck_at_value,37.0,32.37,13.21,29.66,-23.79,-7.34,69.12
58,partial_dropout,37.0,32.37,16.61,26.49,-20.39,-10.51,48.43
58,linear_drift,37.0,32.37,30.22,35.5,-6.78,-1.5,77.86
59,gaussian_noise,114.0,110.84,92.73,102.77,-21.27,-11.23,47.19
59,stuck_at_value,114.0,110.84,94.64,112.6,-19.36,-1.4,92.75
59,partial_dropout,114.0,110.84,96.19,105.38,-17.81,-8.62,51.6
59,linear_drift,114.0,110.84,101.77,106.19,-12.23,-7.81,36.16
60,gaussian_noise,100.0,102.5,85.3,94.05,-14.7,-5.95,59.54
60,stuck_at_value,100.0,102.5,82.08,92.16,-17.92,-7.84,56.27
60,partial_dropout,100.0,102.5,80.54,93.71,-19.46,-6.29,67.67
60,linear_drift,100.0,102.5,94.64,90.73,-5.36,-9.27,-72.81
61,gaussian_noise,21.0,25.41,2.6,19.71,-18.4,-1.29,93.01
61,stuck_at_value,21.0,25.41,1.0,12.35,-20.0,-8.65,56.73
61,partial_dropout,21.0,25.41,1.0,13.92,-20.0,-7.08,64.61
61,linear_drift,21.0,25.41,12.59,10.62,-8.41,-10.38,-23.39
62,gaussian_noise,54.0,56.25,42.25,55.4,-11.75,1.4,88.11
62,stuck_at_value,54.0,56.25,33.56,44.36,-20.44,-9.64,52.84
62,partial_dropout,54.0,56.25,35.4,45.24,-18.6,-8.76,52.88
62,linear_drift,54.0,56.25,48.52,52.03,-5.48,-1.97,64.05
63,gaussian_noise,72.0,71.75,61.38,61.75,-10.62,-10.25,3.47
63,stuck_at_value,72.0,71.75,55.0,65.36,-17.0,-6.64,60.93
63,partial_dropout,72.0,71.75,56.83,58.75,-15.17,-13.25,12.66
63,linear_drift,72.0,71.75,57.21,68.72,-14.79,-3.28,77.82
64,gaussian_noise,28.0,31.53,19.62,15.7,-8.38,-12.3,-46.82
64,stuck_at_value,28.0,31.53,4.86,18.65,-23.14,-9.35,59.61
64,partial_dropout,28.0,31.53,5.56,12.0,-22.44,-16.0,28.72
64,linear_drift,28.0,31.53,16.76,19.67,-11.24,-8.33,25.87
65,gaussian_noise,128.0,129.52,104.63,113.63,-23.37,-14.37,38.52
65,stuck_at_value,128.0,129.52,99.32,117.15,-28.68,-10.85,62.16
65,partial_dropout,128.0,129.52,103.43,120.92,-24.57,-7.08,71.19
65,linear_drift,128.0,129.52,109.89,125.17,-18.11,-2.83,84.38
66,gaussian_noise,14.0,25.7,1.0,9.32,-13.0,-4.68,63.98
66,stuck_at_value,14.0,25.7,1.0,11.07,-13.0,-2.93,77.45
66,partial_dropout,14.0,25.7,1.0,1.87,-13.0,-12.13,6.71
66,linear_drift,14.0,25.7,7.79,9.32,-6.21,-4.68,24.73
67,gaussian_noise,77.0,80.33,60.34,70.14,-16.66,-6.86,58.82
67,stuck_at_value,77.0,80.33,50.04,71.06,-26.96,-5.94,77.96
67,partial_dropout,77.0,80.33,47.57,73.8,-29.43,-3.2,89.13
67,linear_drift,77.0,80.33,70.49,69.98,-6.51,-7.02,-7.83
68,gaussian_noise,8.0,9.01,1.0,1.34,-7.0,-6.66,4.85
68,stuck_at_value,8.0,9.01,1.0,1.0,-7.0,-7.0,0.0
68,partial_dropout,8.0,9.01,1.0,1.0,-7.0,-7.0,0.0
68,linear_drift,8.0,9.01,1.69,6.9,-6.31,-1.1,82.6
69,gaussian_noise,121.0,119.77,109.42,101.79,-11.58,-19.21,-65.91
69,stuck_at_value,121.0,119.77,105.52,110.18,-15.48,-10.82,30.11
69,partial_dropout,121.0,119.77,98.93,108.07,-22.07,-12.93,41.42
69,linear_drift,121.0,119.77,111.78,111.66,-9.22,-9.34,-1.34
70,gaussian_noise,94.0,88.68,80.38,83.28,-13.62,-10.72,21.31
70,stuck_at_value,94.0,88.68,70.62,81.31,-23.38,-12.69,45.71
70,partial_dropout,94.0,88.68,71.14,78.11,-22.86,-15.89,30.46
70,linear_drift,94.0,88.68,76.89,88.91,-17.11,-5.09,70.23
71,gaussian_noise,118.0,124.38,100.5,98.86,-17.5,-19.14,-9.37
71,stuck_at_value,118.0,124.38,89.91,111.81,-28.09,-6.19,77.95
71,partial_dropout,118.0,124.38,90.85,107.83,-27.15,-10.17,62.53
71,linear_drift,118.0,124.38,109.1,115.96,-8.9,-2.04,77.12
72,gaussian_noise,50.0,46.59,38.37,44.18,-11.63,-5.82,49.95
72,stuck_at_value,50.0,46.59,33.61,47.96,-16.39,-2.04,87.58
72,partial_dropout,50.0,46.59,40.68,42.33,-9.32,-7.67,17.7
72,linear_drift,50.0,46.59,41.57,39.62,-8.43,-10.38,-23.07
73,gaussian_noise,131.0,135.11,109.83,115.14,-21.17,-15.86,25.09
73,stuck_at_value,131.0,135.11,101.7,119.94,-29.3,-11.06,62.25
73,partial_dropout,131.0,135.11,104.72,118.89,-26.28,-12.11,53.93
73,linear_drift,131.0,135.11,120.99,123.34,-10.01,-7.66,23.47
74,gaussian_noise,126.0,123.41,106.9,116.26,-19.1,-9.74,49.02
74,stuck_at_value,126.0,123.41,108.17,123.74,-17.83,-2.26,87.31
74,partial_dropout,126.0,123.41,112.84,111.02,-13.16,-14.98,-13.79
74,linear_drift,126.0,123.41,119.38,123.85,-6.62,-2.15,67.56
75,gaussian_noise,113.0,113.0,93.78,98.55,-19.22,-14.45,24.8
75,stuck_at_value,113.0,113.0,89.52,113.17,-23.48,0.17,99.3
75,partial_dropout,113.0,113.0,101.45,104.13,-11.55,-8.87,23.2
75,linear_drift,113.0,113.0,104.03,109.22,-8.97,-3.78,57.88
76,gaussian_noise,10.0,7.87,1.82,1.63,-8.18,-8.37,-2.29
76,stuck_at_value,10.0,7.87,1.0,6.44,-9.0,-3.56,60.41
76,partial_dropout,10.0,7.87,1.0,1.0,-9.0,-9.0,0.0
76,linear_drift,10.0,7.87,1.24,1.0,-8.76,-9.0,-2.72
77,gaussian_noise,34.0,30.71,13.09,21.06,-20.91,-12.94,38.1
77,stuck_at_value,34.0,30.71,11.45,19.38,-22.55,-14.62,35.16
77,partial_dropout,34.0,30.71,7.1,31.11,-26.9,-2.89,89.25
77,linear_drift,34.0,30.71,19.93,25.92,-14.07,-8.08,42.57
78,gaussian_noise,107.0,104.48,93.81,97.11,-13.19,-9.89,25.02
78,stuck_at_value,107.0,104.48,76.01,104.36,-30.99,-2.64,91.49
78,partial_dropout,107.0,104.48,91.93,98.67,-15.07,-8.33,44.76
78,linear_drift,107.0,104.48,103.97,101.93,-3.03,-5.07,-67.4
79,gaussian_noise,63.0,62.02,49.67,57.06,-13.33,-5.94,55.44
79,stuck_at_value,63.0,62.02,46.01,53.47,-16.99,-9.53,43.93
79,partial_dropout,63.0,62.02,42.76,55.76,-20.24,-7.24,64.22
79,linear_drift,63.0,62.02,53.04,54.97,-9.96,-8.03,19.36
80,gaussian_noise,90.0,82.82,75.02,86.01,-14.98,-3.99,73.38
80,stuck_at_value,90.0,82.82,57.84,90.22,-32.16,0.22,99.32
80,partial_dropout,90.0,82.82,76.56,82.14,-13.44,-7.86,41.49
80,linear_drift,90.0,82.82,85.26,82.5,-4.74,-7.5,-58.37
81,gaussian_noise,8.0,4.04,1.0,1.0,-7.0,-7.0,0.0
81,stuck_at_value,8.0,4.04,1.0,1.7,-7.0,-6.3,10.0
81,partial_dropout,8.0,4.04,1.0,1.0,-7.0,-7.0,0.0
81,linear_drift,8.0,4.04,1.0,5.89,-7.0,-2.11,69.88
82,gaussian_noise,9.0,7.8,1.0,6.24,-8.0,-2.76,65.45
82,stuck_at_value,9.0,7.8,1.0,1.0,-8.0,-8.0,0.0
82,partial_dropout,9.0,7.8,1.0,1.04,-8.0,-7.96,0.52
82,linear_drift,9.0,7.8,1.37,7.55,-7.63,-1.45,80.98
83,gaussian_noise,137.0,126.96,123.43,125.75,-13.57,-11.25,17.08
83,stuck_at_value,137.0,126.96,114.04,129.76,-22.96,-7.24,68.47
83,partial_dropout,137.0,126.96,119.72,128.62,-17.28,-8.38,51.52
83,linear_drift,137.0,126.96,127.06,131.93,-9.94,-5.07,48.94
84,gaussian_noise,58.0,58.27,42.35,58.72,-15.65,0.72,95.37
84,stuck_at_value,58.0,58.27,35.3,45.67,-22.7,-12.33,45.68
84,partial_dropout,58.0,58.27,34.03,45.8,-23.97,-12.2,49.1
84,linear_drift,58.0,58.27,51.23,48.72,-6.77,-9.28,-37.13
85,gaussian_noise,118.0,111.55,97.24,107.59,-20.76,-10.41,49.86
85,stuck_at_value,118.0,111.55,93.38,110.69,-24.62,-7.31,70.3
85,partial_dropout,118.0,111.55,97.8,106.36,-20.2,-11.64,42.37
85,linear_drift,118.0,111.55,108.57,107.88,-9.43,-10.12,-7.24
86,gaussian_noise,89.0,90.37,75.84,85.86,-13.16,-3.14,76.11
86,stuck_at_value,89.0,90.37,73.13,79.03,-15.87,-9.97,37.21
86,partial_dropout,89.0,90.37,69.66,75.42,-19.34,-13.58,29.79
86,linear_drift,89.0,90.37,76.96,81.99,-12.04,-7.01,41.82
87,gaussian_noise,116.0,116.16,105.44,108.84,-10.56,-7.16,32.19
87,stuck_at_value,116.0,116.16,79.55,117.83,-36.45,1.83,94.98
87,partial_dropout,116.0,116.16,103.17,108.62,-12.83,-7.38,42.52
87,linear_drift,116.0,116.16,108.65,103.88,-7.35,-12.12,-64.98
88,gaussian_noise,115.0,115.94,102.1,105.25,-12.9,-9.75,24.41
88,stuck_at_value,115.0,115.94,89.25,101.09,-25.75,-13.91,45.95
88,partial_dropout,115.0,115.94,88.82,111.23,-26.18,-3.77,85.61
88,linear_drift,115.0,115.94,110.28,119.37,-4.72,4.37,7.43
89,gaussian_noise,136.0,135.72,124.5,124.64,-11.5,-11.36,1.24
89,stuck_at_value,136.0,135.72,111.6,129.36,-24.4,-6.64,72.8
89,partial_dropout,136.0,135.72,119.66,131.4,-16.34,-4.6,71.85
89,linear_drift,136.0,135.72,133.44,124.28,-2.56,-11.72,-358.26
90,gaussian_noise,28.0,29.1,8.02,14.6,-19.98,-13.4,32.92
90,stuck_at_value,28.0,29.1,1.77,25.14,-26.23,-2.86,89.11
90,partial_dropout,28.0,29.1,10.29,21.99,-17.71,-6.01,66.09
90,linear_drift,28.0,29.1,21.18,26.63,-6.82,-1.37,79.86
91,gaussian_noise,38.0,32.4,22.54,27.82,-15.46,-10.18,34.15
91,stuck_at_value,38.0,32.4,16.07,33.79,-21.93,-4.21,80.82
91,partial_dropout,38.0,32.4,24.8,27.23,-13.2,-10.77,18.4
91,linear_drift,38.0,32.4,34.9,35.87,-3.1,-2.13,31.23
92,gaussian_noise,20.0,24.23,1.0,10.45,-19.0,-9.55,49.71
92,stuck_at_value,20.0,24.23,1.0,9.92,-19.0,-10.08,46.96
92,partial_dropout,20.0,24.23,3.63,10.23,-16.37,-9.77,40.33
92,linear_drift,20.0,24.23,14.96,13.84,-5.04,-6.16,-22.32
93,gaussian_noise,85.0,86.32,74.53,76.37,-10.47,-8.63,17.63
93,stuck_at_value,85.0,86.32,62.11,80.0,-22.89,-5.0,78.16
93,partial_dropout,85.0,86.32,69.26,77.66,-15.74,-7.34,53.36
93,linear_drift,85.0,86.32,76.8,83.06,-8.2,-1.94,76.39
94,gaussian_noise,55.0,55.16,39.92,36.28,-15.08,-18.72,-24.2
94,stuck_at_value,55.0,55.16,32.97,46.95,-22.03,-8.05,63.46
94,partial_dropout,55.0,55.16,34.06,47.56,-20.94,-7.44,64.46
94,linear_drift,55.0,55.16,43.7,52.64,-11.3,-2.36,79.08
95,gaussian_noise,128.0,124.64,114.73,116.24,-13.27,-11.76,11.36
95,stuck_at_value,128.0,124.64,105.58,126.39,-22.42,-1.61,92.83
95,partial_dropout,128.0,124.64,119.28,120.89,-8.72,-7.11,18.53
95,linear_drift,128.0,124.64,121.61,120.87,-6.39,-7.13,-11.5
96,gaussian_noise,137.0,130.31,117.13,132.55,-19.87,-4.45,77.6
96,stuck_at_value,137.0,130.31,113.42,126.37,-23.58,-10.63,54.9
96,partial_dropout,137.0,130.31,109.26,127.55,-27.74,-9.45,65.93
96,linear_drift,137.0,130.31,127.39,127.15,-9.61,-9.85,-2.55
97,gaussian_noise,82.0,78.51,62.22,78.02,-19.78,-3.98,79.9
97,stuck_at_value,82.0,78.51,56.8,78.69,-25.2,-3.31,86.85
97,partial_dropout,82.0,78.51,66.94,80.1,-15.06,-1.9,87.37
97,linear_drift,82.0,78.51,80.06,75.94,-1.94,-6.06,-211.57
98,gaussian_noise,59.0,54.3,48.13,48.84,-10.87,-10.16,6.46
98,stuck_at_value,59.0,54.3,35.12,47.35,-23.88,-11.65,51.23
98,partial_dropout,59.0,54.3,33.99,40.21,-25.01,-18.79,24.89
98,linear_drift,59.0,54.3,47.11,57.21,-11.89,-1.79,84.95
99,gaussian_noise,117.0,112.39,103.93,106.42,-13.07,-10.58,19.05
99,stuck_at_value,117.0,112.39,84.01,114.33,-32.99,-2.67,91.91
99,partial_dropout,117.0,112.39,98.75,110.09,-18.25,-6.91,62.13
99,linear_drift,117.0,112.39,108.49,114.34,-8.51,-2.66,68.78
100,gaussian_noise,20.0,18.75,1.12,8.26,-18.88,-11.74,37.82
100,stuck_at_value,20.0,18.75,2.16,9.91,-17.84,-10.09,43.45
100,partial_dropout,20.0,18.75,1.0,10.94,-19.0,-9.06,52.33
100,linear_drift,20.0,18.75,13.71,12.04,-6.29,-7.96,-26.66
